CustomerID,Recency,Frequency,Monetary,R_rank,F_rank,M_rank,R_quartile,F_quartile,M_quartile,RFM_Score,Segment
12347,2,7,4310.0,0.041484212952293154,0.8713989398478912,0.9225628024890528,4,4,4,12,Champions
12362,3,10,5226.23,0.06199585157870477,0.9221018667895828,0.9412306983175847,4,4,4,12,Champions
12381,5,5,1845.31,0.10209725743258816,0.7988015671813782,0.775985250057617,4,4,4,12,Champions
12388,16,6,2780.66,0.23138972113390183,0.8384420373357917,0.8584927402627334,4,4,4,12,Champions
12417,3,9,3649.1,0.06199585157870477,0.9096566029038949,0.8999769532150265,4,4,4,12,Champions
12423,1,8,1859.31,0.021663977875086424,0.8939847891219175,0.7775985250057617,4,4,4,12,Champions
12433,1,7,13375.87,0.021663977875086424,0.8713989398478912,0.9843281862180225,4,4,4,12,Champions
12437,2,18,4951.41,0.041484212952293154,0.9723438580318046,0.9359299377736806,4,4,4,12,Champions
12451,11,5,9035.52,0.1836828762387647,0.7988015671813782,0.9728047937312745,4,4,4,12,Champions
12471,2,30,19824.05,0.041484212952293154,0.9900898824613966,0.9896289467619267,4,4,4,12,Champions
12474,17,18,7375.79,0.24590919566720443,0.9723438580318046,0.9654298225397557,4,4,4,12,Champions
12476,16,11,6816.42,0.23138972113390183,0.9340861949758009,0.9603595298455866,4,4,4,12,Champions
12483,17,8,2484.98,0.24590919566720443,0.8939847891219175,0.8370592302373819,4,4,4,12,Champions
12490,5,10,5417.93,0.10209725743258816,0.9221018667895828,0.9437658446646693,4,4,4,12,Champions
12518,1,5,2056.89,0.021663977875086424,0.7988015671813782,0.799723438580318,4,4,4,12,Champions
12524,9,8,4485.72,0.14980410232772529,0.8939847891219175,0.927172159483752,4,4,4,12,Champions
12528,9,6,1933.48,0.14980410232772529,0.8384420373357917,0.7856648997464853,4,4,4,12,Champions
12553,8,10,3692.28,0.13436275639548284,0.9221018667895828,0.9013597603134362,4,4,4,12,Champions
12557,16,5,11990.96,0.23138972113390183,0.7988015671813782,0.9811016363217331,4,4,4,12,Champions
12562,8,7,3781.74,0.13436275639548284,0.8713989398478912,0.9059691173081356,4,4,4,12,Champions
12569,2,32,4124.69,0.041484212952293154,0.9914726895598064,0.9179534454943535,4,4,4,12,Champions
12583,3,15,7281.38,0.06199585157870477,0.9624337404932012,0.9645079511408159,4,4,4,12,Champions
12584,4,9,2338.15,0.08757778289928556,0.9096566029038949,0.8259967734501037,4,4,4,12,Champions
12598,10,8,3023.08,0.1666282553583775,0.8939847891219175,0.873012214796036,4,4,4,12,Champions
12619,16,9,3641.24,0.23138972113390183,0.9096566029038949,0.8992855496658216,4,4,4,12,Champions
12621,2,20,13689.67,0.041484212952293154,0.9778750864254436,0.9847891219174925,4,4,4,12,Champions
12627,11,7,4478.53,0.1836828762387647,0.8713989398478912,0.9262502880848121,4,4,4,12,Champions
12656,17,5,4051.17,0.24590919566720443,0.7988015671813782,0.9154182991472689,4,4,4,12,Champions
12662,1,11,3849.78,0.021663977875086424,0.9340861949758009,0.90896519935469,4,4,4,12,Champions
12664,8,9,4881.88,0.13436275639548284,0.9096566029038949,0.9347775985250057,4,4,4,12,Champions
12670,10,5,2996.05,0.1666282553583775,0.7988015671813782,0.8711684719981563,4,4,4,12,Champions
12681,15,22,13787.54,0.2171007144503342,0.981562572021203,0.9850195897672275,4,4,4,12,Champions
12682,4,31,12288.22,0.08757778289928556,0.9907812860106016,0.981793039870938,4,4,4,12,Champions
12683,4,15,8476.57,0.08757778289928556,0.9624337404932012,0.9707305830836598,4,4,4,12,Champions
12684,8,7,2283.63,0.13436275639548284,0.8713989398478912,0.8209264807559346,4,4,4,12,Champions
12704,7,8,2340.84,0.11684719981562572,0.8939847891219175,0.8264577091495736,4,4,4,12,Champions
12705,15,9,6868.29,0.2171007144503342,0.9096566029038949,0.9605899976953215,4,4,4,12,Champions
12709,15,15,9736.52,0.2171007144503342,0.9624337404932012,0.9748790043788892,4,4,4,12,Champions
12714,9,5,4708.86,0.14980410232772529,0.7988015671813782,0.9313205807789813,4,4,4,12,Champions
12720,3,25,5781.73,0.06199585157870477,0.9852500576169624,0.9495275409080434,4,4,4,12,Champions
12727,11,7,3980.7,0.1836828762387647,0.8713989398478912,0.9121917492509795,4,4,4,12,Champions
12747,2,11,4196.01,0.041484212952293154,0.9340861949758009,0.9202581239917031,4,4,4,12,Champions
12748,1,209,33719.73,0.021663977875086424,0.999769532150265,0.9935469002074211,4,4,4,12,Champions
12749,4,5,4090.88,0.08757778289928556,0.7988015671813782,0.9165706383959438,4,4,4,12,Champions
12757,16,13,7857.1,0.23138972113390183,0.951371283705923,0.9675040331873703,4,4,4,12,Champions
12766,4,7,6989.63,0.08757778289928556,0.8713989398478912,0.9622032726434663,4,4,4,12,Champions
12782,5,5,2330.92,0.10209725743258816,0.7988015671813782,0.8250749020511638,4,4,4,12,Champions
12783,2,6,2225.91,0.041484212952293154,0.8384420373357917,0.8153952523622955,4,4,4,12,Champions
12839,3,14,5591.42,0.06199585157870477,0.9559806407006223,0.9460705231620189,4,4,4,12,Champions
12841,5,25,4022.35,0.10209725743258816,0.9852500576169624,0.9147268955980641,4,4,4,12,Champions
12856,8,6,2179.93,0.13436275639548284,0.8384420373357917,0.811938234616271,4,4,4,12,Champions
12901,9,28,17654.54,0.14980410232772529,0.9889375432127219,0.9889375432127219,4,4,4,12,Champions
12906,12,5,2919.81,0.19612814012445265,0.7988015671813782,0.8674809864023969,4,4,4,12,Champions
12912,3,5,1662.3,0.06199585157870477,0.7988015671813782,0.7504033187370361,4,4,4,12,Champions
12913,5,5,2483.63,0.10209725743258816,0.7988015671813782,0.8368287623876469,4,4,4,12,Champions
12921,9,37,16587.09,0.14980410232772529,0.9935469002074211,0.9873242682645771,4,4,4,12,Champions
12935,2,7,2160.7,0.041484212952293154,0.8713989398478912,0.8107858953675963,4,4,4,12,Champions
12948,16,7,2064.95,0.23138972113390183,0.8713989398478912,0.8006453099792579,4,4,4,12,Champions
12955,1,11,4757.16,0.021663977875086424,0.9340861949758009,0.9322424521779212,4,4,4,12,Champions
12957,10,8,4017.54,0.1666282553583775,0.8939847891219175,0.9144964277483291,4,4,4,12,Champions
12963,8,8,1856.63,0.13436275639548284,0.8939847891219175,0.7769071214565568,4,4,4,12,Champions
12971,4,86,11189.91,0.08757778289928556,0.9983867250518552,0.9801797649227932,4,4,4,12,Champions
12989,3,15,6924.110000000001,0.06199585157870477,0.9624337404932012,0.9617423369439964,4,4,4,12,Champions
13001,4,13,9818.82,0.08757778289928556,0.951371283705923,0.975570407928094,4,4,4,12,Champions
13004,12,18,5655.91,0.19612814012445265,0.9723438580318046,0.9472228624106938,4,4,4,12,Champions
13013,1,13,4810.9400000000005,0.021663977875086424,0.951371283705923,0.933625259276331,4,4,4,12,Champions
13014,11,10,3466.28,0.1836828762387647,0.9221018667895828,0.8919105784743029,4,4,4,12,Champions
13018,16,28,7277.7,0.23138972113390183,0.9889375432127219,0.9642774832910809,4,4,4,12,Champions
13021,4,9,2616.38,0.08757778289928556,0.9096566029038949,0.8467388799262503,4,4,4,12,Champions
13050,15,17,5836.86,0.2171007144503342,0.9691173081355151,0.9497580087577783,4,4,4,12,Champions
13069,1,24,4436.12,0.021663977875086424,0.9834063148190827,0.9255588845356073,4,4,4,12,Champions
13078,3,26,12627.94,0.06199585157870477,0.9868633325651072,0.9829453791196128,4,4,4,12,Champions
13081,12,11,28337.38,0.19612814012445265,0.9340861949758009,0.9921640931090113,4,4,4,12,Champions
13089,3,97,58825.83,0.06199585157870477,0.9990781286010602,0.9965429822539755,4,4,4,12,Champions
13090,9,14,8910.82,0.14980410232772529,0.9559806407006223,0.9723438580318046,4,4,4,12,Champions
13098,1,28,28882.44,0.021663977875086424,0.9889375432127219,0.9926250288084812,4,4,4,12,Champions
13102,1,24,6424.09,0.021663977875086424,0.9834063148190827,0.9555197050011524,4,4,4,12,Champions
13113,1,24,12245.96,0.021663977875086424,0.9834063148190827,0.981562572021203,4,4,4,12,Champions
13126,5,8,2099.64,0.10209725743258816,0.8939847891219175,0.8047937312744872,4,4,4,12,Champions
13137,11,8,3650.41,0.1836828762387647,0.8939847891219175,0.9002074210647615,4,4,4,12,Champions
13139,16,7,5064.94,0.23138972113390183,0.8713989398478912,0.9380041484212952,4,4,4,12,Champions
13183,8,9,3957.78,0.13436275639548284,0.9096566029038949,0.9115003457017746,4,4,4,12,Champions
13184,15,10,1701.29,0.2171007144503342,0.9221018667895828,0.7547822078820005,4,4,4,12,Champions
13198,10,6,3401.24,0.1666282553583775,0.8384420373357917,0.8889144964277483,4,4,4,12,Champions
13199,4,38,9817.12,0.08757778289928556,0.994007835906891,0.9753399400783591,4,4,4,12,Champions
13225,3,7,6463.84,0.06199585157870477,0.8713989398478912,0.9557501728508873,4,4,4,12,Champions
13230,4,14,2806.97,0.08757778289928556,0.9559806407006223,0.860797418760083,4,4,4,12,Champions
13263,1,35,7454.07,0.021663977875086424,0.9928554966582162,0.9656602903894906,4,4,4,12,Champions
13266,11,12,3834.26,0.1836828762387647,0.9444572482138741,0.9085042636552201,4,4,4,12,Champions
13267,3,19,4521.49,0.06199585157870477,0.9751094722286241,0.9278635630329569,4,4,4,12,Champions
13269,1,15,5346.2300000000005,0.021663977875086424,0.9624337404932012,0.9423830375662595,4,4,4,12,Champions
13305,4,10,2000.86,0.08757778289928556,0.9221018667895828,0.7918875316893293,4,4,4,12,Champions
13319,5,26,10845.55,0.10209725743258816,0.9868633325651072,0.9790274256741185,4,4,4,12,Champions
13394,2,8,2520.02,0.041484212952293154,0.8939847891219175,0.8389029730352616,4,4,4,12,Champions
13408,2,62,28117.04,0.041484212952293154,0.9976953215026504,0.9919336252592763,4,4,4,12,Champions
13418,12,18,6127.43,0.19612814012445265,0.9723438580318046,0.9529845586540677,4,4,4,12,Champions
13426,1,10,3641.32,0.021663977875086424,0.9221018667895828,0.8995160175155565,4,4,4,12,Champions
13435,5,7,3809.89,0.10209725743258816,0.8713989398478912,0.9073519244065453,4,4,4,12,Champions
13437,14,7,3408.06,0.20396404701544135,0.8713989398478912,0.8893754321272183,4,4,4,12,Champions
13448,17,6,3539.37,0.24590919566720443,0.8384420373357917,0.8944457248213874,4,4,4,12,Champions
13458,7,14,9646.57,0.11684719981562572,0.9559806407006223,0.9746485365291542,4,4,4,12,Champions
13468,2,37,5704.97,0.041484212952293154,0.9935469002074211,0.9483752016593685,4,4,4,12,Champions
13488,17,13,8968.31,0.24590919566720443,0.951371283705923,0.9725743258815395,4,4,4,12,Champions
13495,8,5,2044.87,0.13436275639548284,0.7988015671813782,0.7978796957824383,4,4,4,12,Champions
13534,2,25,5870.08,0.041484212952293154,0.9852500576169624,0.9499884766075133,4,4,4,12,Champions
13536,1,7,3448.29,0.021663977875086424,0.8713989398478912,0.891219174925098,4,4,4,12,Champions
13571,13,12,2092.32,0.20027656141968195,0.9444572482138741,0.8034109241760774,4,4,4,12,Champions
13576,10,18,6717.34,0.1666282553583775,0.9723438580318046,0.9587462548974418,4,4,4,12,Champions
13588,16,9,2478.95,0.23138972113390183,0.9096566029038949,0.8359068909887071,4,4,4,12,Champions
13590,11,6,1981.92,0.1836828762387647,0.8384420373357917,0.7902742567411846,4,4,4,12,Champions
13599,1,21,5153.67,0.021663977875086424,0.9804102327725283,0.93961742336944,4,4,4,12,Champions
13630,5,7,2031.78,0.10209725743258816,0.8713989398478912,0.7958054851348237,4,4,4,12,Champions
13650,17,6,1836.34,0.24590919566720443,0.8384420373357917,0.7732196358607974,4,4,4,12,Champions
13658,10,5,2639.17,0.1666282553583775,0.7988015671813782,0.8499654298225398,4,4,4,12,Champions
13668,3,21,6363.59,0.06199585157870477,0.9804102327725283,0.9548283014519474,4,4,4,12,Champions
13685,3,7,3119.44,0.06199585157870477,0.8713989398478912,0.8783129753399401,4,4,4,12,Champions
13694,4,50,65039.62,0.08757778289928556,0.9963125144042406,0.9970039179534455,4,4,4,12,Champions
13704,5,9,2308.06,0.10209725743258816,0.9096566029038949,0.8232311592532842,4,4,4,12,Champions
13709,4,13,6328.05,0.08757778289928556,0.951371283705923,0.9545978336022125,4,4,4,12,Champions
13742,17,12,3131.02,0.24590919566720443,0.9444572482138741,0.87877391103941,4,4,4,12,Champions
13755,4,9,2161.35,0.08757778289928556,0.9096566029038949,0.8110163632173312,4,4,4,12,Champions
13756,2,14,5189.52,0.041484212952293154,0.9559806407006223,0.9405392947683798,4,4,4,12,Champions
13758,12,7,3190.55,0.19612814012445265,0.8713989398478912,0.8813090573864946,4,4,4,12,Champions
13767,2,37,17220.36,0.041484212952293154,0.9935469002074211,0.988015671813782,4,4,4,12,Champions
13769,2,10,2796.51,0.041484212952293154,0.9221018667895828,0.8598755473611431,4,4,4,12,Champions
13777,1,33,25977.16,0.021663977875086424,0.9919336252592763,0.9912422217100715,4,4,4,12,Champions
13784,10,11,2462.79,0.1666282553583775,0.9340861949758009,0.8338326803410924,4,4,4,12,Champions
13798,1,57,37153.85,0.021663977875086424,0.9972343858031805,0.9942383037566259,4,4,4,12,Champions
13808,6,5,1747.66,0.10716755012675731,0.7988015671813782,0.7607743719751094,4,4,4,12,Champions
13831,16,6,2202.99,0.23138972113390183,0.8384420373357917,0.8133210417146808,4,4,4,12,Champions
13854,9,25,8109.519999999999,0.14980410232772529,0.9852500576169624,0.9691173081355151,4,4,4,12,Champions
13870,2,8,2770.94,0.041484212952293154,0.8939847891219175,0.8578013367135284,4,4,4,12,Champions
13881,4,20,17159.52,0.08757778289928556,0.9778750864254436,0.987785203964047,4,4,4,12,Champions
13883,11,5,2674.48,0.1836828762387647,0.7988015671813782,0.8520396404701545,4,4,4,12,Champions
13890,1,10,1883.81,0.021663977875086424,0.9221018667895828,0.7808250749020512,4,4,4,12,Champions
13924,2,6,1838.85,0.041484212952293154,0.8384420373357917,0.7739110394100023,4,4,4,12,Champions
13949,3,6,2427.32,0.06199585157870477,0.8384420373357917,0.8326803410924176,4,4,4,12,Champions
13953,7,7,3515.68,0.11684719981562572,0.8713989398478912,0.8935238534224476,4,4,4,12,Champions
13969,7,18,9053.94,0.11684719981562572,0.9723438580318046,0.9730352615810095,4,4,4,12,Champions
13985,4,15,7060.13,0.08757778289928556,0.9624337404932012,0.9626642083429362,4,4,4,12,Champions
13994,4,6,2313.14,0.08757778289928556,0.8384420373357917,0.8234616271030192,4,4,4,12,Champions
13999,10,12,3901.81,0.1666282553583775,0.9444572482138741,0.9103480064530998,4,4,4,12,Champions
14005,10,5,2874.72,0.1666282553583775,0.7988015671813782,0.8649458400553123,4,4,4,12,Champions
14031,7,19,17286.86,0.11684719981562572,0.9751094722286241,0.988476607513252,4,4,4,12,Champions
14032,2,11,2975.59,0.041484212952293154,0.9340861949758009,0.8700161327494814,4,4,4,12,Champions
14051,1,23,15610.39,0.021663977875086424,0.9827149112698779,0.9861719290159022,4,4,4,12,Champions
14056,1,23,8214.65,0.021663977875086424,0.9827149112698779,0.9698087116847199,4,4,4,12,Champions
14060,5,19,6140.42,0.10209725743258816,0.9751094722286241,0.9532150265038027,4,4,4,12,Champions
14062,10,12,10464.85,0.1666282553583775,0.9444572482138741,0.9769532150265038,4,4,4,12,Champions
14085,2,18,4448.54,0.041484212952293154,0.9723438580318046,0.9260198202350772,4,4,4,12,Champions
14088,10,13,50491.81,0.1666282553583775,0.951371283705923,0.9953906430053008,4,4,4,12,Champions
14092,8,14,4076.91,0.13436275639548284,0.9559806407006223,0.9163401705462088,4,4,4,12,Champions
14096,4,17,65164.79,0.08757778289928556,0.9691173081355151,0.9972343858031805,4,4,4,12,Champions
14099,16,11,3104.17,0.23138972113390183,0.9340861949758009,0.8773911039410003,4,4,4,12,Champions
14110,4,12,5683.15,0.08757778289928556,0.9444572482138741,0.9481447338096336,4,4,4,12,Champions
14132,2,11,3586.03,0.041484212952293154,0.9340861949758009,0.8958285319197972,4,4,4,12,Champions
14135,2,15,4690.31,0.041484212952293154,0.9624337404932012,0.9308596450795114,4,4,4,12,Champions
14146,9,5,4191.0,0.14980410232772529,0.7988015671813782,0.9200276561419682,4,4,4,12,Champions
14156,10,55,117379.63,0.1666282553583775,0.9970039179534455,0.9983867250518552,4,4,4,12,Champions
14180,11,25,4748.52,0.1836828762387647,0.9852500576169624,0.9320119843281862,4,4,4,12,Champions
14189,2,15,4654.08,0.041484212952293154,0.9624337404932012,0.9301682415303065,4,4,4,12,Champions
14191,2,13,4684.76,0.041484212952293154,0.951371283705923,0.9306291772297764,4,4,4,12,Champions
14194,5,21,11349.52,0.10209725743258816,0.9804102327725283,0.9804102327725283,4,4,4,12,Champions
14209,11,6,2073.43,0.1836828762387647,0.8384420373357917,0.8015671813781977,4,4,4,12,Champions
14215,12,6,1789.72,0.19612814012445265,0.8384420373357917,0.7665360682184835,4,4,4,12,Champions
14217,2,17,2004.98,0.041484212952293154,0.9691173081355151,0.7932703387877391,4,4,4,12,Champions
14243,9,10,2588.77,0.14980410232772529,0.9221018667895828,0.8435123300299608,4,4,4,12,Champions
14251,2,5,2879.7000000000003,0.041484212952293154,0.7988015671813782,0.8654067757547822,4,4,4,12,Champions
14258,9,9,12669.98,0.14980410232772529,0.9096566029038949,0.9831758469693478,4,4,4,12,Champions
14262,8,8,2618.23,0.13436275639548284,0.8939847891219175,0.8469693477759852,4,4,4,12,Champions
14282,3,15,3729.34,0.06199585157870477,0.9624337404932012,0.9038949066605209,4,4,4,12,Champions
14290,11,5,2314.65,0.1836828762387647,0.7988015671813782,0.8239225628024891,4,4,4,12,Champions
14291,2,11,3883.25,0.041484212952293154,0.9340861949758009,0.9101175386033649,4,4,4,12,Champions
14292,8,9,4871.93,0.13436275639548284,0.9096566029038949,0.9343166628255358,4,4,4,12,Champions
14298,8,44,51527.3,0.13436275639548284,0.9949297073058309,0.9956211108550357,4,4,4,12,Champions
14299,8,9,3965.62,0.13436275639548284,0.9096566029038949,0.9119612814012446,4,4,4,12,Champions
14309,8,9,2352.53,0.13436275639548284,0.9096566029038949,0.8266881769993086,4,4,4,12,Champions
14329,17,7,5014.84,0.24590919566720443,0.8713989398478912,0.9370822770223554,4,4,4,12,Champions
14334,17,8,2552.21,0.24590919566720443,0.8939847891219175,0.8414381193823461,4,4,4,12,Champions
14367,8,16,9261.52,0.13436275639548284,0.9649688868402858,0.9737266651302143,4,4,4,12,Champions
14388,10,8,3212.84,0.1666282553583775,0.8939847891219175,0.8824613966351694,4,4,4,12,Champions
14390,10,9,4652.82,0.1666282553583775,0.9096566029038949,0.9299377736805715,4,4,4,12,Champions
14395,2,9,3507.71,0.041484212952293154,0.9096566029038949,0.8930629177229776,4,4,4,12,Champions
14397,3,19,2612.96,0.06199585157870477,0.9751094722286241,0.8462779442267804,4,4,4,12,Champions
14401,4,13,4051.48,0.08757778289928556,0.951371283705923,0.9156487669970039,4,4,4,12,Champions
14408,11,7,2606.53,0.1836828762387647,0.8713989398478912,0.8448951371283706,4,4,4,12,Champions
14415,1,13,5900.28,0.021663977875086424,0.951371283705923,0.9506798801567181,4,4,4,12,Champions
14422,1,6,4263.64,0.021663977875086424,0.8384420373357917,0.9218713989398479,4,4,4,12,Champions
14432,10,6,2255.51,0.1666282553583775,0.8384420373357917,0.8190827379580549,4,4,4,12,Champions
14440,8,5,2357.6800000000003,0.13436275639548284,0.7988015671813782,0.8271491126987786,4,4,4,12,Champions
14456,5,9,3062.4,0.10209725743258816,0.9096566029038949,0.8741645540447107,4,4,4,12,Champions
14493,7,5,2383.24,0.11684719981562572,0.7988015671813782,0.8299147268955981,4,4,4,12,Champions
14503,3,6,3543.26,0.06199585157870477,0.8384420373357917,0.8946761926711224,4,4,4,12,Champions
14505,17,8,5905.64,0.24590919566720443,0.8939847891219175,0.9509103480064531,4,4,4,12,Champions
14506,17,5,2012.17,0.24590919566720443,0.7988015671813782,0.7944226780364139,4,4,4,12,Champions
14527,3,55,8508.82,0.06199585157870477,0.9970039179534455,0.9709610509333948,4,4,4,12,Champions
14534,3,18,4447.05,0.06199585157870477,0.9723438580318046,0.9257893523853422,4,4,4,12,Champions
14546,5,5,2578.09,0.10209725743258816,0.7988015671813782,0.8428209264807559,4,4,4,12,Champions
14547,4,8,4007.54,0.08757778289928556,0.8939847891219175,0.9140354920488591,4,4,4,12,Champions
14560,7,22,2237.77,0.11684719981562572,0.981562572021203,0.8172389951601752,4,4,4,12,Champions
14562,4,18,5074.77,0.08757778289928556,0.9723438580318046,0.9384650841207651,4,4,4,12,Champions
14572,3,7,2832.84,0.06199585157870477,0.8713989398478912,0.8626411615579627,4,4,4,12,Champions
14606,1,93,12156.65,0.021663977875086424,0.9988476607513251,0.9813321041714681,4,4,4,12,Champions
14607,16,14,16569.5,0.23138972113390183,0.9559806407006223,0.9870938004148422,4,4,4,12,Champions
14621,1,5,1788.36,0.021663977875086424,0.7988015671813782,0.7663056003687485,4,4,4,12,Champions
14646,2,73,280206.02,0.041484212952293154,0.9981562572021203,0.999769532150265,4,4,4,12,Champions
14653,1,7,1947.55,0.021663977875086424,0.8713989398478912,0.7872781746946301,4,4,4,12,Champions
14659,9,9,2529.93,0.14980410232772529,0.9096566029038949,0.8398248444342015,4,4,4,12,Champions
14667,11,25,9241.2,0.1836828762387647,0.9852500576169624,0.9734961972804794,4,4,4,12,Champions
14673,3,5,1736.4,0.06199585157870477,0.7988015671813782,0.7591610970269648,4,4,4,12,Champions
14688,8,21,5630.87,0.13436275639548284,0.9804102327725283,0.9467619267112238,4,4,4,12,Champions
14696,4,7,2078.95,0.08757778289928556,0.8713989398478912,0.8017976492279327,4,4,4,12,Champions
14701,11,9,2549.37,0.1836828762387647,0.9096566029038949,0.8412076515326112,4,4,4,12,Champions
14702,1,17,3292.14,0.021663977875086424,0.9691173081355151,0.885227010831989,4,4,4,12,Champions
14709,15,13,4921.04,0.2171007144503342,0.951371283705923,0.9352385342244757,4,4,4,12,Champions
14711,10,11,2868.8,0.1666282553583775,0.9340861949758009,0.8644849043558424,4,4,4,12,Champions
14713,9,11,2666.36,0.14980410232772529,0.9340861949758009,0.8518091726204194,4,4,4,12,Champions
14730,1,8,2005.06,0.021663977875086424,0.8939847891219175,0.793500806637474,4,4,4,12,Champions
14732,8,8,2702.49,0.13436275639548284,0.8939847891219175,0.8531919797188292,4,4,4,12,Champions
14733,16,12,9585.91,0.23138972113390183,0.9444572482138741,0.9744180686794193,4,4,4,12,Champions
14735,4,32,6065.69,0.08757778289928556,0.9914726895598064,0.9522931551048629,4,4,4,12,Champions
14739,4,7,3902.28,0.08757778289928556,0.8713989398478912,0.9105784743028348,4,4,4,12,Champions
14755,10,11,5010.28,0.1666282553583775,0.9340861949758009,0.9368518091726205,4,4,4,12,Champions
14766,8,6,2473.37,0.13436275639548284,0.8384420373357917,0.8352154874395021,4,4,4,12,Champions
14769,3,8,10674.75,0.06199585157870477,0.8939847891219175,0.9783360221249136,4,4,4,12,Champions
14796,1,17,8022.49,0.021663977875086424,0.9691173081355151,0.9684259045863102,4,4,4,12,Champions
14825,4,12,2226.91,0.08757778289928556,0.9444572482138741,0.8158561880617654,4,4,4,12,Champions
14866,11,12,14389.9,0.1836828762387647,0.9444572482138741,0.9854805254666974,4,4,4,12,Champions
14868,3,8,2953.59,0.06199585157870477,0.8939847891219175,0.8690942613505416,4,4,4,12,Champions
14895,8,20,11138.71,0.13436275639548284,0.9778750864254436,0.9799492970730583,4,4,4,12,Champions
14907,3,7,3501.1,0.06199585157870477,0.8713989398478912,0.8926019820235077,4,4,4,12,Champions
14911,1,201,143825.06,0.021663977875086424,0.9995390643005301,0.9988476607513251,4,4,4,12,Champions
14961,11,9,7044.68,0.1836828762387647,0.9096566029038949,0.9624337404932012,4,4,4,12,Champions
15005,16,28,6316.57,0.23138972113390183,0.9889375432127219,0.9543673657524775,4,4,4,12,Champions
15021,9,9,1914.82,0.14980410232772529,0.9096566029038949,0.7842820926480756,4,4,4,12,Champions
15023,3,11,6802.76,0.06199585157870477,0.9340861949758009,0.9598985941461167,4,4,4,12,Champions
15033,5,10,2586.67,0.10209725743258816,0.9221018667895828,0.8432818621802258,4,4,4,12,Champions
15034,16,8,4308.61,0.23138972113390183,0.8939847891219175,0.9223323346393179,4,4,4,12,Champions
15039,10,47,19914.44,0.1666282553583775,0.9958515787047707,0.9898594146116617,4,4,4,12,Champions
15046,9,15,5213.77,0.14980410232772529,0.9624337404932012,0.9410002304678498,4,4,4,12,Champions
15061,4,48,54534.14,0.08757778289928556,0.9960820465545056,0.9958515787047707,4,4,4,12,Champions
15078,7,32,9743.11,0.11684719981562572,0.9914726895598064,0.9751094722286241,4,4,4,12,Champions
15089,10,6,2420.84,0.1666282553583775,0.8384420373357917,0.8319889375432127,4,4,4,12,Champions
15144,8,17,6580.44,0.13436275639548284,0.9691173081355151,0.957132979949297,4,4,4,12,Champions
15150,17,10,5314.47,0.24590919566720443,0.9221018667895828,0.9421525697165245,4,4,4,12,Champions
15152,10,13,4745.69,0.1666282553583775,0.951371283705923,0.9317815164784513,4,4,4,12,Champions
15159,2,30,18641.01,0.041484212952293154,0.9900898824613966,0.9891680110624568,4,4,4,12,Champions
15187,2,16,4777.18,0.041484212952293154,0.9649688868402858,0.9327033878773912,4,4,4,12,Champions
15189,1,41,16225.39,0.021663977875086424,0.9946992394560958,0.9864023968656372,4,4,4,12,Champions
15194,3,15,7616.53,0.06199585157870477,0.9624337404932012,0.9661212260889606,4,4,4,12,Champions
15218,11,11,5756.89,0.1836828762387647,0.9340861949758009,0.9492970730583083,4,4,4,12,Champions
15251,9,11,10484.99,0.14980410232772529,0.9340861949758009,0.9771836828762388,4,4,4,12,Champions
15270,16,7,2379.49,0.23138972113390183,0.8713989398478912,0.8292233233463931,4,4,4,12,Champions
15271,7,15,2507.07,0.11684719981562572,0.9624337404932012,0.8384420373357917,4,4,4,12,Champions
15290,5,18,7943.22,0.10209725743258816,0.9723438580318046,0.9679649688868402,4,4,4,12,Champions
15298,2,12,4799.9,0.041484212952293154,0.9444572482138741,0.9329338557271261,4,4,4,12,Champions
15311,1,91,60767.9,0.021663977875086424,0.9986171929015902,0.9967734501037105,4,4,4,12,Champions
15351,12,7,1960.11,0.19612814012445265,0.8713989398478912,0.7884305139433049,4,4,4,12,Champions
15358,5,22,8347.2,0.10209725743258816,0.981562572021203,0.9702696473841899,4,4,4,12,Champions
15373,8,12,2415.91,0.13436275639548284,0.9444572482138741,0.8317584696934778,4,4,4,12,Champions
15380,9,5,1690.2600000000002,0.14980410232772529,0.7988015671813782,0.7527079972343858,4,4,4,12,Champions
15382,15,6,5955.71,0.2171007144503342,0.8384420373357917,0.951140815856188,4,4,4,12,Champions
15443,2,7,3236.91,0.041484212952293154,0.8713989398478912,0.8836137358838442,4,4,4,12,Champions
15473,14,7,1771.2,0.20396404701544135,0.8713989398478912,0.763770454021664,4,4,4,12,Champions
15482,16,12,11054.96,0.23138972113390183,0.9444572482138741,0.9794883613735884,4,4,4,12,Champions
15498,3,27,13316.4,0.06199585157870477,0.9875547361143121,0.9840977183682876,4,4,4,12,Champions
15502,16,12,10384.93,0.23138972113390183,0.9444572482138741,0.9764922793270339,4,4,4,12,Champions
15514,12,11,4139.46,0.19612814012445265,0.9340861949758009,0.9181839133440886,4,4,4,12,Champions
15544,9,9,3546.71,0.14980410232772529,0.9096566029038949,0.8951371283705923,4,4,4,12,Champions
15547,7,14,4954.84,0.11684719981562572,0.9559806407006223,0.9361604056234155,4,4,4,12,Champions
15555,12,16,4805.17,0.19612814012445265,0.9649688868402858,0.933394791426596,4,4,4,12,Champions
15570,7,12,4165.52,0.11684719981562572,0.9444572482138741,0.9193362525927633,4,4,4,12,Champions
15572,5,7,2552.86,0.10209725743258816,0.8713989398478912,0.8416685872320812,4,4,4,12,Champions
15594,16,5,1771.78,0.23138972113390183,0.7988015671813782,0.7640009218713989,4,4,4,12,Champions
15601,11,14,6776.56,0.1836828762387647,0.9559806407006223,0.9594376584466467,4,4,4,12,Champions
15615,10,23,10399.74,0.1666282553583775,0.9827149112698779,0.9767227471767689,4,4,4,12,Champions
15628,5,9,2870.24,0.10209725743258816,0.9096566029038949,0.8647153722055774,4,4,4,12,Champions
15632,16,8,3285.31,0.23138972113390183,0.8939847891219175,0.8849965429822539,4,4,4,12,Champions
15640,4,15,12515.66,0.08757778289928556,0.9624337404932012,0.9824844434201429,4,4,4,12,Champions
15687,9,9,2993.1,0.14980410232772529,0.9096566029038949,0.8707075362986864,4,4,4,12,Champions
15694,1,14,6479.4,0.021663977875086424,0.9559806407006223,0.9559806407006223,4,4,4,12,Champions
15727,17,7,5178.96,0.24590919566720443,0.8713989398478912,0.9400783590689099,4,4,4,12,Champions
15750,3,8,2465.48,0.06199585157870477,0.8939847891219175,0.8342936160405623,4,4,4,12,Champions
15755,10,6,2364.25,0.1666282553583775,0.8384420373357917,0.8280709840977184,4,4,4,12,Champions
15769,7,26,56252.72,0.11684719981562572,0.9868633325651072,0.9960820465545056,4,4,4,12,Champions
15796,1,8,2711.56,0.021663977875086424,0.8939847891219175,0.8543443189675041,4,4,4,12,Champions
15804,1,13,4206.39,0.021663977875086424,0.951371283705923,0.9209495275409081,4,4,4,12,Champions
15838,11,19,33643.08,0.1836828762387647,0.9751094722286241,0.9933164323576861,4,4,4,12,Champions
15854,4,12,2974.65,0.08757778289928556,0.9444572482138741,0.8697856648997465,4,4,4,12,Champions
15856,4,27,16387.57,0.08757778289928556,0.9875547361143121,0.9868633325651072,4,4,4,12,Champions
15861,12,8,3165.36,0.19612814012445265,0.8939847891219175,0.8796957824383499,4,4,4,12,Champions
15867,5,15,3812.64,0.10209725743258816,0.9624337404932012,0.9080433279557502,4,4,4,12,Champions
15903,10,7,5126.76,0.1666282553583775,0.8713989398478912,0.939386955519705,4,4,4,12,Champions
15932,4,8,2495.87,0.08757778289928556,0.8939847891219175,0.8375201659368519,4,4,4,12,Champions
15984,3,10,2837.67,0.06199585157870477,0.9221018667895828,0.8631020972574326,4,4,4,12,Champions
15993,9,7,2797.57,0.14980410232772529,0.8713989398478912,0.860106015210878,4,4,4,12,Champions
16011,8,16,3362.71,0.13436275639548284,0.9649688868402858,0.8879926250288085,4,4,4,12,Champions
16013,4,47,37130.6,0.08757778289928556,0.9958515787047707,0.994007835906891,4,4,4,12,Champions
16033,6,20,8816.4,0.10716755012675731,0.9778750864254436,0.9721133901820695,4,4,4,12,Champions
16057,16,7,2263.12,0.23138972113390183,0.8713989398478912,0.8195436736575248,4,4,4,12,Champions
16076,3,10,2234.73,0.06199585157870477,0.9221018667895828,0.8167780594607053,4,4,4,12,Champions
16115,10,8,1667.97,0.1666282553583775,0.8939847891219175,0.7506337865867712,4,4,4,12,Champions
16133,4,33,14589.04,0.08757778289928556,0.9919336252592763,0.9857109933164323,4,4,4,12,Champions
16143,3,6,2424.94,0.06199585157870477,0.8384420373357917,0.8324498732426826,4,4,4,12,Champions
16145,9,11,3799.49,0.14980410232772529,0.9340861949758009,0.9068909887070754,4,4,4,12,Champions
16156,9,9,3122.04,0.14980410232772529,0.9096566029038949,0.878543443189675,4,4,4,12,Champions
16161,2,19,5575.56,0.041484212952293154,0.9751094722286241,0.945609587462549,4,4,4,12,Champions
16168,11,27,3787.6,0.1836828762387647,0.9875547361143121,0.9064300530076055,4,4,4,12,Champions
16191,3,13,5180.52,0.06199585157870477,0.951371283705923,0.9403088269186448,4,4,4,12,Champions
16210,2,18,21086.3,0.041484212952293154,0.9723438580318046,0.9905508181608665,4,4,4,12,Champions
16241,10,13,2607.87,0.1666282553583775,0.951371283705923,0.8453560728278405,4,4,4,12,Champions
16242,8,7,3603.21,0.13436275639548284,0.8713989398478912,0.8962894676192671,4,4,4,12,Champions
16255,17,8,2619.91,0.24590919566720443,0.8939847891219175,0.8471998156257202,4,4,4,12,Champions
16265,9,9,5447.0,0.14980410232772529,0.9096566029038949,0.9442267803641392,4,4,4,12,Champions
16326,6,14,3110.96,0.10716755012675731,0.9559806407006223,0.8780825074902051,4,4,4,12,Champions
16327,14,6,3844.22,0.20396404701544135,0.8384420373357917,0.9087347315049551,4,4,4,12,Champions
16333,8,22,26626.8,0.13436275639548284,0.981562572021203,0.9914726895598064,4,4,4,12,Champions
16353,4,23,6675.71,0.08757778289928556,0.9827149112698779,0.9580548513482369,4,4,4,12,Champions
16359,7,9,1750.92,0.11684719981562572,0.9096566029038949,0.7612353076745794,4,4,4,12,Champions
16360,5,6,3512.53,0.10209725743258816,0.8384420373357917,0.8932933855727127,4,4,4,12,Champions
16393,2,13,3046.21,0.041484212952293154,0.951371283705923,0.8734731504955059,4,4,4,12,Champions
16401,1,12,4098.32,0.021663977875086424,0.9444572482138741,0.9170315740954137,4,4,4,12,Champions
16407,13,10,2126.93,0.20027656141968195,0.9221018667895828,0.8080202811707766,4,4,4,12,Champions
16422,17,51,34684.4,0.24590919566720443,0.9965429822539755,0.993777368057156,4,4,4,12,Champions
16426,2,10,1908.25,0.041484212952293154,0.9221018667895828,0.7835906890988708,4,4,4,12,Champions
16440,8,5,3640.67,0.13436275639548284,0.7988015671813782,0.8990550818160866,4,4,4,12,Champions
16458,3,18,3482.74,0.06199585157870477,0.9723438580318046,0.8923715141737728,4,4,4,12,Champions
16474,7,7,1871.5,0.11684719981562572,0.8713989398478912,0.7792117999539064,4,4,4,12,Champions
16523,2,21,9418.47,0.041484212952293154,0.9804102327725283,0.9741876008296843,4,4,4,12,Champions
16525,2,26,13027.45,0.041484212952293154,0.9868633325651072,0.9834063148190827,4,4,4,12,Champions
16549,10,10,4154.64,0.1666282553583775,0.9221018667895828,0.9191057847430284,4,4,4,12,Champions
16558,1,20,8338.49,0.021663977875086424,0.9778750864254436,0.970039179534455,4,4,4,12,Champions
16570,15,10,3738.4,0.2171007144503342,0.9221018667895828,0.9043558423599908,4,4,4,12,Champions
16592,4,16,4113.68,0.08757778289928556,0.9649688868402858,0.9177229776446185,4,4,4,12,Champions
16609,15,7,5493.46,0.2171007144503342,0.8713989398478912,0.9446877160636091,4,4,4,12,Champions
16626,1,17,4413.1,0.021663977875086424,0.9691173081355151,0.9250979488361374,4,4,4,12,Champions
16633,17,6,2883.1,0.24590919566720443,0.8384420373357917,0.8658677114542521,4,4,4,12,Champions
16670,17,11,4095.9,0.24590919566720443,0.9340861949758009,0.9168011062456787,4,4,4,12,Champions
16672,2,20,8134.94,0.041484212952293154,0.9778750864254436,0.96934777598525,4,4,4,12,Champions
16678,3,12,3109.99,0.06199585157870477,0.9444572482138741,0.8778520396404702,4,4,4,12,Champions
16684,4,28,66653.56,0.08757778289928556,0.9889375432127219,0.9974648536529154,4,4,4,12,Champions
16700,9,13,5076.55,0.14980410232772529,0.951371283705923,0.9386955519705001,4,4,4,12,Champions
16701,9,13,5398.3,0.14980410232772529,0.951371283705923,0.9433049089651994,4,4,4,12,Champions
16705,1,20,14034.99,0.021663977875086424,0.9778750864254436,0.9852500576169624,4,4,4,12,Champions
16712,9,11,3645.43,0.14980410232772529,0.9340861949758009,0.8997464853652916,4,4,4,12,Champions
16719,15,7,1790.42,0.2171007144503342,0.8713989398478912,0.7669970039179534,4,4,4,12,Champions
16722,17,13,4730.81,0.24590919566720443,0.951371283705923,0.9315510486287163,4,4,4,12,Champions
16746,5,18,6697.66,0.10209725743258816,0.9723438580318046,0.9585157870477068,4,4,4,12,Champions
16764,4,13,2799.25,0.08757778289928556,0.951371283705923,0.860336483060613,4,4,4,12,Champions
16775,10,11,1695.66,0.1666282553583775,0.9340861949758009,0.7540908043327956,4,4,4,12,Champions
16779,2,22,10629.72,0.041484212952293154,0.981562572021203,0.9778750864254436,4,4,4,12,Champions
16782,10,13,2279.9,0.1666282553583775,0.951371283705923,0.8206960129061995,4,4,4,12,Champions
16813,8,10,1692.98,0.13436275639548284,0.9221018667895828,0.7531689329338557,4,4,4,12,Champions
16814,14,21,6509.1,0.20396404701544135,0.9804102327725283,0.9566720442498271,4,4,4,12,Champions
16818,11,11,3349.57,0.1836828762387647,0.9340861949758009,0.8875316893293386,4,4,4,12,Champions
16839,9,34,16594.35,0.14980410232772529,0.9926250288084812,0.9875547361143121,4,4,4,12,Champions
16873,5,6,7123.62,0.10209725743258816,0.8384420373357917,0.9631251440424061,4,4,4,12,Champions
16904,4,16,3754.27,0.08757778289928556,0.9649688868402858,0.9055081816086656,4,4,4,12,Champions
16905,5,7,3102.43,0.10209725743258816,0.8713989398478912,0.8771606360912653,4,4,4,12,Champions
16923,12,19,7247.61,0.19612814012445265,0.9751094722286241,0.963816547591611,4,4,4,12,Champions
16931,5,21,4604.22,0.10209725743258816,0.9804102327725283,0.9294768379811016,4,4,4,12,Champions
16942,13,9,1920.59,0.20027656141968195,0.9096566029038949,0.7845125604978106,4,4,4,12,Champions
16954,1,9,2085.08,0.021663977875086424,0.9096566029038949,0.8022585849274027,4,4,4,12,Champions
16966,8,7,2154.97,0.13436275639548284,0.8713989398478912,0.8096335561189214,4,4,4,12,Champions
16979,4,6,1852.0,0.08757778289928556,0.8384420373357917,0.7766766536068218,4,4,4,12,Champions
16983,13,7,1931.25,0.20027656141968195,0.8713989398478912,0.7849734961972805,4,4,4,12,Champions
16985,17,10,5464.12,0.24590919566720443,0.9221018667895828,0.9444572482138741,4,4,4,12,Champions
17001,1,11,3989.57,0.021663977875086424,0.9340861949758009,0.9131136206499193,4,4,4,12,Champions
17017,3,20,8694.26,0.06199585157870477,0.9778750864254436,0.9718829223323346,4,4,4,12,Champions
17049,3,9,5659.9800000000005,0.06199585157870477,0.9096566029038949,0.9476837981101637,4,4,4,12,Champions
17068,12,21,4552.14,0.19612814012445265,0.9804102327725283,0.9283244987324268,4,4,4,12,Champions
17086,7,6,2050.08,0.11684719981562572,0.8384420373357917,0.7988015671813782,4,4,4,12,Champions
17090,4,7,2043.95,0.08757778289928556,0.8713989398478912,0.7974187600829684,4,4,4,12,Champions
17091,3,9,3827.76,0.06199585157870477,0.9096566029038949,0.9082737958054852,4,4,4,12,Champions
17131,5,5,2463.17,0.10209725743258816,0.7988015671813782,0.8340631481908274,4,4,4,12,Champions
17133,16,7,4892.240000000001,0.23138972113390183,0.8713989398478912,0.9350080663747408,4,4,4,12,Champions
17139,16,12,10668.47,0.23138972113390183,0.9444572482138741,0.9781055542751786,4,4,4,12,Champions
17173,5,8,3766.6,0.10209725743258816,0.8939847891219175,0.9057386494584005,4,4,4,12,Champions
17183,8,6,3347.31,0.13436275639548284,0.8384420373357917,0.8870707536298686,4,4,4,12,Champions
17188,11,7,2474.23,0.1836828762387647,0.8713989398478912,0.8354459552892372,4,4,4,12,Champions
17218,4,10,1960.72,0.08757778289928556,0.9221018667895828,0.7886609817930399,4,4,4,12,Champions
17228,16,8,1906.09,0.23138972113390183,0.8939847891219175,0.7833602212491357,4,4,4,12,Champions
17231,12,10,3174.32,0.19612814012445265,0.9221018667895828,0.8803871859875547,4,4,4,12,Champions
17238,3,17,3744.65,0.06199585157870477,0.9691173081355151,0.9050472459091957,4,4,4,12,Champions
17243,1,26,8676.85,0.021663977875086424,0.9868633325651072,0.9716524544825996,4,4,4,12,Champions
17293,8,9,1875.11,0.13436275639548284,0.9096566029038949,0.7799032035031113,4,4,4,12,Champions
17306,11,19,8631.31,0.1836828762387647,0.9751094722286241,0.9714219866328647,4,4,4,12,Champions
17315,2,38,6292.26,0.041484212952293154,0.994007835906891,0.9541368979027426,4,4,4,12,Champions
17338,17,8,6643.93,0.24590919566720443,0.8939847891219175,0.957824383498502,4,4,4,12,Champions
17346,4,15,2676.56,0.08757778289928556,0.9624337404932012,0.8522701083198894,4,4,4,12,Champions
17364,1,11,4481.18,0.021663977875086424,0.9340861949758009,0.9264807559345472,4,4,4,12,Champions
17365,13,8,4801.56,0.20027656141968195,0.8939847891219175,0.9331643235768611,4,4,4,12,Champions
17381,9,29,20275.61,0.14980410232772529,0.9891680110624568,0.9900898824613966,4,4,4,12,Champions
17386,8,6,2686.42,0.13436275639548284,0.8384420373357917,0.8527310440193593,4,4,4,12,Champions
17389,1,34,31833.68,0.021663977875086424,0.9926250288084812,0.9928554966582162,4,4,4,12,Champions
17402,5,13,2633.85,0.10209725743258816,0.951371283705923,0.84858262272413,4,4,4,12,Champions
17404,4,15,31906.82,0.08757778289928556,0.9624337404932012,0.9930859645079512,4,4,4,12,Champions
17419,11,12,4226.57,0.1836828762387647,0.9444572482138741,0.921410463240378,4,4,4,12,Champions
17422,16,6,1979.37,0.23138972113390183,0.8384420373357917,0.7898133210417146,4,4,4,12,Champions
17426,8,6,5037.26,0.13436275639548284,0.8384420373357917,0.9373127448720904,4,4,4,12,Champions
17428,1,28,17256.85,0.021663977875086424,0.9889375432127219,0.9882461396635169,4,4,4,12,Champions
17434,2,7,2373.82,0.041484212952293154,0.8713989398478912,0.8287623876469232,4,4,4,12,Champions
17449,2,7,2520.86,0.041484212952293154,0.8713989398478912,0.8391334408849965,4,4,4,12,Champions
17450,8,46,194550.79,0.13436275639548284,0.9953906430053008,0.9993085964507951,4,4,4,12,Champions
17451,1,7,1721.4,0.021663977875086424,0.8713989398478912,0.7584696934777598,4,4,4,12,Champions
17463,16,5,1896.41,0.23138972113390183,0.7988015671813782,0.782207882000461,4,4,4,12,Champions
17469,16,5,1870.97,0.23138972113390183,0.7988015671813782,0.7789813321041714,4,4,4,12,Champions
17490,1,7,2092.32,0.021663977875086424,0.8713989398478912,0.8034109241760774,4,4,4,12,Champions
17491,1,10,3558.87,0.021663977875086424,0.9221018667895828,0.8953675962203272,4,4,4,12,Champions
17511,3,31,91062.38,0.06199585157870477,0.9907812860106016,0.9981562572021203,4,4,4,12,Champions
17519,17,6,1844.02,0.24590919566720443,0.8384420373357917,0.775754782207882,4,4,4,12,Champions
17528,1,8,3628.5,0.021663977875086424,0.8939847891219175,0.8981332104171468,4,4,4,12,Champions
17530,1,10,2385.0,0.021663977875086424,0.9221018667895828,0.830145194745333,4,4,4,12,Champions
17554,1,5,1952.45,0.021663977875086424,0.7988015671813782,0.7877391103941,4,4,4,12,Champions
17567,7,8,4331.48,0.11684719981562572,0.8939847891219175,0.9230237381885227,4,4,4,12,Champions
17576,8,19,3622.68,0.13436275639548284,0.9751094722286241,0.897441806867942,4,4,4,12,Champions
17581,1,25,11045.04,0.021663977875086424,0.9852500576169624,0.9792578935238534,4,4,4,12,Champions
17593,4,5,3927.34,0.08757778289928556,0.7988015671813782,0.9108089421525697,4,4,4,12,Champions
17602,2,6,5102.97,0.041484212952293154,0.8384420373357917,0.938926019820235,4,4,4,12,Champions
17611,7,15,3984.22,0.11684719981562572,0.9624337404932012,0.9126526849504494,4,4,4,12,Champions
17629,6,8,1814.12,0.10716755012675731,0.8939847891219175,0.7704540216639779,4,4,4,12,Champions
17644,1,11,2895.64,0.021663977875086424,0.9340861949758009,0.866789582853192,4,4,4,12,Champions
17651,12,10,3945.0,0.19612814012445265,0.9221018667895828,0.9112698778520396,4,4,4,12,Champions
17655,11,7,2638.94,0.1836828762387647,0.8713989398478912,0.8497349619728048,4,4,4,12,Champions
17659,17,12,2999.46,0.24590919566720443,0.9444572482138741,0.8716294076976262,4,4,4,12,Champions
17675,1,31,20374.28,0.021663977875086424,0.9907812860106016,0.9903203503111316,4,4,4,12,Champions
17677,2,30,16363.23,0.041484212952293154,0.9900898824613966,0.9866328647153723,4,4,4,12,Champions
17682,10,6,2474.33,0.1666282553583775,0.8384420373357917,0.8356764231389722,4,4,4,12,Champions
17685,17,7,3191.53,0.24590919566720443,0.8713989398478912,0.8815395252362296,4,4,4,12,Champions
17686,7,7,5739.46,0.11684719981562572,0.8713989398478912,0.9490666052085734,4,4,4,12,Champions
17705,3,9,1823.52,0.06199585157870477,0.9096566029038949,0.7711454252131827,4,4,4,12,Champions
17706,4,17,10504.49,0.08757778289928556,0.9691173081355151,0.9774141507259737,4,4,4,12,Champions
17725,16,11,3439.08,0.23138972113390183,0.9340861949758009,0.8905277713758931,4,4,4,12,Champions
17730,3,13,5298.4800000000005,0.06199585157870477,0.951371283705923,0.9419221018667896,4,4,4,12,Champions
17735,2,19,13110.02,0.041484212952293154,0.9751094722286241,0.9836367826688177,4,4,4,12,Champions
17739,12,7,2791.35,0.19612814012445265,0.8713989398478912,0.8591841438119382,4,4,4,12,Champions
17744,4,6,2322.4,0.08757778289928556,0.8384420373357917,0.824383498501959,4,4,4,12,Champions
17750,5,9,1797.57,0.10209725743258816,0.9096566029038949,0.7686102788660982,4,4,4,12,Champions
17754,1,5,1772.26,0.021663977875086424,0.7988015671813782,0.7642313897211339,4,4,4,12,Champions
17757,1,30,5605.29,0.021663977875086424,0.9900898824613966,0.9465314588614888,4,4,4,12,Champions
17769,13,10,3997.98,0.20027656141968195,0.9221018667895828,0.9135745563493892,4,4,4,12,Champions
17809,16,12,5411.91,0.23138972113390183,0.9444572482138741,0.9435353768149343,4,4,4,12,Champions
17811,4,39,7837.73,0.08757778289928556,0.9944687716063609,0.9672735653376354,4,4,4,12,Champions
17813,14,5,1770.88,0.20396404701544135,0.7988015671813782,0.763539986171929,4,4,4,12,Champions
17827,5,5,1995.46,0.10209725743258816,0.7988015671813782,0.7914265959898594,4,4,4,12,Champions
17841,2,124,40991.57,0.041484212952293154,0.9993085964507951,0.9946992394560958,4,4,4,12,Champions
17857,4,23,26879.04,0.08757778289928556,0.9827149112698779,0.9917031574095414,4,4,4,12,Champions
17858,6,12,5155.66,0.10716755012675731,0.9444572482138741,0.9398478912191749,4,4,4,12,Champions
17861,3,8,2100.8,0.06199585157870477,0.8939847891219175,0.8052546669739571,4,4,4,12,Champions
17870,2,12,1894.35,0.041484212952293154,0.9444572482138741,0.781977414150726,4,4,4,12,Champions
17920,4,17,4204.1,0.08757778289928556,0.9691173081355151,0.9207190596911731,4,4,4,12,Champions
17924,12,7,2962.5,0.19612814012445265,0.8713989398478912,0.8693247292002766,4,4,4,12,Champions
17937,9,7,4301.22,0.14980410232772529,0.8713989398478912,0.9221018667895828,4,4,4,12,Champions
17949,1,45,58510.48,0.021663977875086424,0.9951601751555658,0.9963125144042406,4,4,4,12,Champions
17954,5,12,2332.72,0.10209725743258816,0.9444572482138741,0.8255358377506338,4,4,4,12,Champions
17975,15,13,4488.81,0.2171007144503342,0.951371283705923,0.927402627333487,4,4,4,12,Champions
18041,12,21,4183.39,0.19612814012445265,0.9804102327725283,0.9197971882922332,4,4,4,12,Champions
18044,4,10,2088.6,0.08757778289928556,0.9221018667895828,0.8027195206268726,4,4,4,12,Champions
18055,7,10,6784.1900000000005,0.11684719981562572,0.9221018667895828,0.9596681262963817,4,4,4,12,Champions
18065,6,14,2392.83,0.10716755012675731,0.9559806407006223,0.8308365982945379,4,4,4,12,Champions
18077,8,11,2633.01,0.13436275639548284,0.9340861949758009,0.848352154874395,4,4,4,12,Champions
18092,2,11,9068.26,0.041484212952293154,0.9340861949758009,0.9732657294307444,4,4,4,12,Champions
18097,8,6,2697.8,0.13436275639548284,0.8384420373357917,0.8529615118690943,4,4,4,12,Champions
18102,1,60,259657.3,0.021663977875086424,0.9974648536529154,0.9995390643005301,4,4,4,12,Champions
18109,2,26,8052.97,0.041484212952293154,0.9868633325651072,0.9686563724360452,4,4,4,12,Champions
18118,11,26,5653.82,0.1836828762387647,0.9868633325651072,0.9469923945609587,4,4,4,12,Champions
18122,8,6,1826.21,0.13436275639548284,0.8384420373357917,0.7718368287623877,4,4,4,12,Champions
18144,8,12,2888.75,0.13436275639548284,0.9444572482138741,0.8665591150034571,4,4,4,12,Champions
18172,15,20,7561.68,0.2171007144503342,0.9778750864254436,0.9658907582392257,4,4,4,12,Champions
18179,9,6,1793.17,0.14980410232772529,0.8384420373357917,0.7674579396174234,4,4,4,12,Champions
18180,5,6,1843.75,0.10209725743258816,0.8384420373357917,0.7755243143581471,4,4,4,12,Champions
18198,4,17,5425.56,0.08757778289928556,0.9691173081355151,0.9439963125144042,4,4,4,12,Champions
18210,2,6,2621.38,0.041484212952293154,0.8384420373357917,0.8474302834754551,4,4,4,12,Champions
18219,3,10,2069.77,0.06199585157870477,0.9221018667895828,0.8011062456787278,4,4,4,12,Champions
18223,5,14,6484.54,0.10209725743258816,0.9559806407006223,0.9562111085503572,4,4,4,12,Champions
18225,3,12,5509.12,0.06199585157870477,0.9444572482138741,0.944918183913344,4,4,4,12,Champions
18229,12,20,7276.900000000001,0.19612814012445265,0.9778750864254436,0.964047015441346,4,4,4,12,Champions
18230,9,7,2810.2000000000003,0.14980410232772529,0.8713989398478912,0.8610278866098179,4,4,4,12,Champions
18241,10,17,2073.09,0.1666282553583775,0.9691173081355151,0.8013367135284628,4,4,4,12,Champions
18245,7,7,2567.06,0.11684719981562572,0.8713989398478912,0.8421295229315511,4,4,4,12,Champions
18272,3,6,3078.58,0.06199585157870477,0.8384420373357917,0.8750864254436506,4,4,4,12,Champions
18283,4,16,2094.88,0.08757778289928556,0.9649688868402858,0.8038718598755473,4,4,4,12,Champions
Unknown,1,1428,1755276.64,0.021663977875086424,1.0,1.0,4,4,4,12,Champions
